{
	"title": "Root", 
	"type": "object",
	"required": [
		"id",
		"owner",
		"kind",
		"paymentMethodKind",
		"brandKind",
    "aba",
		"truncatedDda"
    //"name"
    // "bankAccountHash",
		// "accountHolderName",
		// "billingAddress",
		// "singleUse"
	],
	"properties": {
		"id": {
			"$id": "#root/id",
			"title": "Id",
			"type": "string",
			"minLength": 1,
			"pattern": "^.*$"
		},
		"owner": {
			"$id": "#root/owner", 
			"title": "Owner", 
			"type": "object",
			"required": [
				"kind",
				"billerId",
				"billerAccountId"
			],
			"properties": {
				"kind": {
					"$id": "#root/owner/kind",
					"title": "Kind",
					"type": "string",
					"minLength": 1,
					"enum": [ "BillerAccountOwner" ],
					"pattern": "^.*$"
				},
				"billerId": {
					"$id": "#root/owner/billerId",
					"title": "Billerid",
					"type": "string",
					"minLength": 1,
					"pattern": "^.*$"
				},
				"billerAccountId": {
					"$id": "#root/owner/billerAccountId",
					"title": "Billeraccountid",
					"type": "string",
					"minLength": 1,
					"pattern": "^.*$"
				}
			}
		}
,
		"kind": {
			"$id": "#root/kind",
			"title": "Kind",
			"type": "string",
			"minLength": 1,
			"enum": [ "Ach" ],
			"pattern": "^.*$"
		},
		"name": {
			"$id": "#root/name",
			"title": "Name",
			"type": "string",
			"pattern": "^.*$"
		},
		"paymentMethodKind": {
			"$id": "#root/paymentMethodKind",
			"title": "Paymentmethodkind",
			"type": "string",
			"minLength": 1,
			"enum": [ "Ach" ],
			"pattern": "^.*$"
		},
		"brandKind": {
			"$id": "#root/brandKind",
			"title": "Brandkind",
			"type": "string",
			"minLength": 1,
			"enum": [ "BusinessChecking","BusinessSavings", "PersonalChecking", "PersonalSavings" ],
			"pattern": "^.*$"
		},
		"accountHolderName": {
			"$id": "#root/accountHolderName",
			"title": "Accountholdername",
			"type": "string",
			"pattern": "^.*$"
		},
		"aba": {
			"$id": "#root/aba",
			"title": "Aba",
			"type": "string",
			"minLength": 1,
			"pattern": "^.*$"
		},
		"truncatedDda": {
			"$id": "#root/truncatedDda",
			"title": "Truncateddda",
			"type": "string",
			"minLength": 1,
			"pattern": "^.*$"
		},
		"bankAccountHash": {
			"$id": "#root/bankAccountHash",
			"title": "BankAccountHash",
			"type": "string",
			"pattern": "^.*$"
		},
		"billingAddress": {
			"$id": "#root/billingAddress", 
			"title": "Billingaddress", 
			"type": "object",
			"required": [
				//"lines",
				//"city",
				"regionCode",
				"postalCode",
				"countryCode"
			],
			"properties": {
				"lines": {
					"$id": "#root/billingAddress/lines", 
					"title": "Lines", 
					"type": "array",
					"items":{
						"$id": "#root/billingAddress/lines/items", 
						"title": "Items", 
						"type": "string",
						"pattern": "^.*$"
					}
				},
				"city": {
					"$id": "#root/billingAddress/city", 
					"title": "City", 
					"type": "string",
					"pattern": "^.*$"
				},
				"regionCode": {
					"$id": "#root/billingAddress/regionCode",
					"title": "Regioncode",
					"type": "string",
					"minLength": 1,
					"pattern": "^.*$"
				},
				"postalCode": {
					"$id": "#root/billingAddress/postalCode",
					"title": "Postalcode",
					"type": "string",
					"minLength": 1,
					"pattern": "^.*$"
				},
				"countryCode": {
					"$id": "#root/billingAddress/countryCode",
					"title": "Countrycode",
					"type": "string",
					"minLength": 1,
					"pattern": "^.*$"
				}
			}
		}
,
		"singleUse": {
			"$id": "#root/singleUse", 
			"title": "Singleuse", 
			"type": "boolean",
			"default": false
		}
	}
}
