{
	"title": "Root",
	"type": "object",
	"required": [
		"id",
		"owner",
		"kind",
		"name",
		"paymentMethodKind",
		"brandKind",
		"truncatedCardNumber",
		"expirationDate"
		//"cardNumberHash",
		//"cardHolderName",
		//"billingAddress",
		//"singleUse"
		],
		"properties": {
			"id": {
				"$id": "#root/id",
				"title": "Id",
				"type": "string",
				"minLength": 1,
				"pattern": "^.*$"
			},
			"owner": {
				"$id": "#root/owner",
				"title": "Owner",
				"type": "object",
				"required": [
					"kind",
					"billerId",
					"billerAccountId"
				],
				"properties": {
					"kind": {
						"$id": "#root/owner/kind",
						"title": "Kind",
						"type": "string",
						"minLength": 1,
						"enum": [ "BillerAccountOwner" ],
						"pattern": "^.*$"
					},
					"billerId": {
						"$id": "#root/owner/billerId",
						"title": "Billerid",
						"type": "string",
						"minLength": 1,
						"pattern": "^.*$"
					},
					"billerAccountId": {
						"$id": "#root/owner/billerAccountId",
						"title": "Billeraccountid",
						"type": "string",
						"minLength": 1,
						"pattern": "^.*$"
					}
				}
			},
			"kind": {
				"$id": "#root/kind",
				"title": "Kind",
				"type": "string",
				"minLength": 1,
				"enum": [ "Card" ],
				"pattern": "^.*$"
			},
			"name": {
				"$id": "#root/name",
				"title": "Name",
				"type": "string",
				"minLength": 1,
				"pattern": "^.*$"
			},
			"paymentMethodKind": {
				"$id": "#root/paymentMethodKind",
				"title": "Paymentmethodkind",
				"type": "string",
				"minLength": 1,
				"enum": [ "CreditCard","DebitCard" ],
				"pattern": "^.*$"
			},
			"brandKind": {
				"$id": "#root/brandKind",
				"title": "Brandkind",
				"type": "string",
				"minLength": 1,
				"enum": [ "AmericanExpress","Discover","DiscoverDebit","Mastercard", "MastercardDebit", "Visa", "VisaDebit","DinersClub","DebitCard","Star" ],
				"pattern": "^.*$"
			},
			"truncatedCardNumber": {
				"$id": "#root/truncatedCardNumber",
				"title": "Truncatedcardnumber",
				"type": "string",
				"minLength": 1,
				"pattern": "^.*$"
			},
			"cardNumberHash": {
				"$id": "#root/cardNumberHash",
				"title": "Cardnumberhash",
				"type": "null"
			},
			"cardHolderName": {
				"$id": "#root/cardHolderName",
				"title": "Cardholdername",
				"type": "string",
				"pattern": "^.*$"
			},
			"expirationDate": {
				"$id": "#root/expirationDate",
				"title": "Expirationdate",
				"type": "string",
				"minLength": 1,
				"pattern": "^.*$"
			},
			"billingAddress": {
				"$id": "#root/billingAddress",
				"title": "Billingaddress",
				"type": "object",
				"required": [
					//"lines",
					//"city",
					"regionCode",
					"postalCode",
					"countryCode"
				],
				"properties": {
					"lines": {
						"$id": "#root/billingAddress/lines",
						"title": "Lines",
						"type": "array",
						"items": {
							"$id": "#root/billingAddress/lines/items",
							"title": "Items",
							"type": "string",
							"pattern": "^.*$"
						}
					},
					"city": {
						"$id": "#root/billingAddress/city",
						"title": "City",
						"type": "string",
						"pattern": "^.*$"
					},
					"regionCode": {
						"$id": "#root/billingAddress/regionCode",
						"title": "Regioncode",
						"type": "string",
						"minLength": 1,
						"pattern": "^.*$"
					},
					"postalCode": {
						"$id": "#root/billingAddress/postalCode",
						"title": "Postalcode",
						"type": "string",
						"minLength": 1,
						"pattern": "^.*$"
					},
					"countryCode": {
						"$id": "#root/billingAddress/countryCode",
						"title": "Countrycode",
						"type": "string",
						"minLength": 1,
						"pattern": "^.*$"
					}
				}
			},
			"singleUse": {
				"$id": "#root/singleUse",
				"title": "Singleuse",
				"type": "boolean",
				"default": false
			}
		}		
}