{
  "description": "Validating funding account schema",
  "type": "object",
  "title": "Root",
  "oneOf": [
    {
      "type": "object",
      "id": "cardfundingaccount",
      "required": [
        "owner",
        "kind",
        "cardHolderName",
        "cardNumber",
        "expirationDate"
      ],
      "properties": {
        "owner": {
          "title": "Owner",
          "type": "object",
          "oneOf": [
            {
              "type": "object",
              "required": [
                "kind",
                "profileId"
              ],
              "properties": {
                "kind": {
                  "title": "Kind",
                  "type": "string",
                  "pattern": "^.*$",
                  "minLength": 1
                },
                "profileId": {
                  "title": "profileId",
                  "type": "string",
                  "pattern": "^.*$",
                  "minLength": 1
                }
              }
            },
            {
              "type": "object",
              "required": [
                "kind",
                "billerId",
                "billerAccountId"
              ],
              "properties": {
                "kind": {
                  "title": "Kind",
                  "type": "string",
                  "pattern": "^.*$",
                  "minLength": 1
                },
                "billerId": {
                  "title": "Billerid",
                  "type": "string",
                  "pattern": "^.*$",
                  "minLength": 1
                },
                "billerAccountId": {
                  "title": "Billeraccountid",
                  "type": "string",
                  "pattern": "^.*$"
                }
              }
            }
          ]
        },
        "kind": {
          "title": "Kind",
          "type": "string",
          "pattern": "^.*$"
        },
        "name": {
          "title": "Name",
          "type": "string",
          "pattern": "^.*$"
        },
        "paymentMethodKind": {
          "title": "Paymentmethodkind",
          "type": "string",
          "pattern": "^.*$"
        },
        "cardHolderName": {
          "title": "Cardholdername",
          "type": "string",
          "pattern": "^.*$"
        },
        "cardNumber": {
          "$id": "#root/cardNumber",
          "title": "Cardnumber",
          "type": "string",
          "pattern": "^.*$"
        },
        "expirationDate": {
          "$id": "#root/expirationDate",
          "title": "Expirationdate",
          "type": "string",
          "pattern": "^.*$"
        },
        "securityCode": {
          "$id": "#root/securityCode",
          "title": "Securitycode",
          "type": "string",
          "pattern": "^.*$"
        },
        "billingAddress": {
          "$id": "#root/billingAddress",
          "title": "Billingaddress",
          "type": "object",
          "required": [
            "regionCode",
            "postalCode",
            "countryCode"
          ],
          "properties": {
            "lines": {
              "title": "Lines",
              "type": "array",
              "items": {
                "$id": "#root/billingAddress/lines/items",
                "title": "Items",
                "type": "string",
                "pattern": "^.*$"
              }
            },
            "city": {
              "$id": "#root/billingAddress/city",
              "title": "City",
              "type": "string",
              "pattern": "^.*$"
            },
            "regionCode": {
              "$id": "#root/billingAddress/regionCode",
              "title": "Regioncode",
              "type": "string",
              "pattern": "^.*$"
            },
            "postalCode": {
              "$id": "#root/billingAddress/postalCode",
              "title": "Postalcode",
              "type": "string",
              "pattern": "^.*$"
            },
            "countryCode": {
              "$id": "#root/billingAddress/countryCode",
              "title": "Countrycode",
              "type": "string",
              "pattern": "^.*$"
            }
          }
        },
        "singleUse": {
          "$id": "#root/singleUse",
          "title": "Singleuse",
          "type": "boolean",
          "default": false
        }
      }
    },
    {
      "type": "object",
      "id": "achfundingaccount",
      "required": [
        "owner",
        "kind",
        "branchKind",
        "accountHolderName",
        "aba",
        "dda",
        "billingAddress"
      ],
      "properties": {
        "owner": {
          "$id": "#root/owner",
          "title": "Owner",
          "type": "object",
          "required": [
            "kind",
            "billerId",
            "billerAccountId"
          ],
          "properties": {
            "kind": {
              "$id": "#root/owner/kind",
              "title": "Kind",
              "type": "string",
              "pattern": "^.*$"
            },
            "billerId": {
              "$id": "#root/billerId",
              "title": "Billerid",
              "type": "string",
              "pattern": "^.*$"
            },
            "billerAccountId": {
              "$id": "#root/billerAccountId",
              "title": "Billeraccountid",
              "type": "string",
              "pattern": "^.*$"
            }

          }
        },
        "kind": {
          "$id": "#root/kind",
          "title": "Kind",
          "type": "string",
          "pattern": "^.*$"
        },
        "name": {
          "$id": "#root/name",
          "title": "Name",
          "type": "string",
          "pattern": "^.*$"
        },
        "paymentMethodKind": {
          "$id": "#root/paymentMethodKind",
          "title": "Paymentmethodkind",
          "type": "string",
          "pattern": "^.*$"
        },
        "branchKind": {
          "$id": "#root/achfundingaccount/branchKind",
          "title": "Branchkind",
          "type": "string",
          "pattern": "^.*$"
        },
        "accountHolderName": {
          "$id": "#root/accountHolderName",
          "title": "Accountholdername",
          "type": "string",
          "pattern": "^.*$"
        },
        "aba": {
          "$id": "#root/aba",
          "title": "Aba",
          "type": "string",
          "pattern": "^.*$"
        },
        "dda": {
          "$id": "#root/dda",
          "title": "Dda",
          "type": "string",
          "pattern": "^.*$"
        },
        "securityCode": {
          "$id": "#root/securityCode",
          "title": "Securitycode",
          "type": "string",
          "pattern": "^.*$"
        },
        "billingAddress": {
          "title": "Billingaddress",
          "type": "object",
          "required": [
            "regionCode",
            "postalCode",
            "countryCode"
          ],
          "properties": {
            "lines": {
              "title": "Lines",
              "type": "array",
              "default": [],
              "items": {
                "$id": "#root/billingAddress/lines/items",
                "title": "Items",
                "type": "string",
                "pattern": "^.*$"
              }
            },
            "city": {
              "$id": "#root/billingAddress/city",
              "title": "City",
              "type": "string",
              "pattern": "^.*$"
            },
            "regionCode": {
              "$id": "#root/billingAddress/regionCode",
              "title": "Regioncode",
              "type": "string",
              "pattern": "^.*$"
            },
            "postalCode": {
              "$id": "#root/billingAddress/postalCode",
              "title": "Postalcode",
              "type": "string",
              "pattern": "^.*$"
            },
            "countryCode": {
              "$id": "#root/billingAddress/countryCode",
              "title": "Countrycode",
              "type": "string",
              "pattern": "^.*$"
            }
          }
        },
        "singleUse": {
          "$id": "#root/singleUse",
          "title": "Singleuse",
          "type": "boolean",
          "default": false
        }
      }
    }
  ]
}
