{
  "type": "object",
  "properties": {
    "Unregistered_Card": {
      "title": "Root",
      "type": "object",
      "required": [
        "owner",
        "kind",
        "cardHolderName",
        "cardNumber",
        "expirationDate"
        //"name",
        //"paymentMethodKind",
        //"securitycode",
        //"billingaddress",
        //"singleuse"
      ],
      "properties": {
        "owner": {
          "$id": "#root/owner",
          "title": "Owner",
          "type": "object",
          //"required": [
          //  "kind",
          //  "profileId"
          //],
          "properties": {
            "kind": {
              "$id": "#root/kind",
              "title": "Kind",
              "type": "string",
              "pattern": "^.*$"
            },
            "billerId": {
              "$id": "#root/billerId",
              "title": "Billerid",
              "type": "string",
              "pattern": "^.*$"
            },
            "billerAccountId": {
              "$id": "#root/billerAccountId",
              "title": "Billeraccountid",
              "type": "string",
              "pattern": "^.*$"
            }
          }
        },

        //  "oneOf": [
        //    { "required": [ "ProfileOwner" ] },
        //    { "required": [ "BillerAccountOwner" ] }
        //  ]
        //},
        "kind": {
          "$id": "#root/kind",
          "title": "Kind",
          "type": "string",
          "pattern": "^.*$"
        },
        "name": {
          "$id": "#root/name",
          "title": "Name",
          "type": "string",
          "pattern": "^.*$"
        },
        "paymentMethodKind": {
          "$id": "#root/paymentMethodKind",
          "title": "Paymentmethodkind",
          "type": "string",
          "pattern": "^.*$"
        },
        "cardHolderName": {
          "$id": "#root/cardHolderName",
          "title": "Cardholdername",
          "type": "string",
          "pattern": "^.*$"
        },
        "cardNumber": {
          "$id": "#root/cardNumber",
          "title": "Cardnumber",
          "type": "string",
          "pattern": "^.*$"
        },
        "expirationDate": {
          "$id": "#root/expirationDate",
          "title": "Expirationdate",
          "type": "string",
          "pattern": "^.*$"
        },
        "securityCode": {
          "$id": "#root/securityCode",
          "title": "Securitycode",
          "type": "string",
          "pattern": "^.*$"
        },
        "billingAddress": {
          "$id": "#root/billingAddress",
          "title": "Billingaddress",
          "type": "object",
          "required": [
            //"lines",
            //"city",
            "regionCode",
            "postalCode",
            "countryCode"
          ],
          "properties": {
            "lines": {
              "$id": "#root/billingAddress/lines",
              "title": "Lines",
              "type": "array",
              "items": {
                "$id": "#root/billingAddress/lines/items",
                "title": "Items",
                "type": "string",
                "pattern": "^.*$"
              }
            },
            "city": {
              "$id": "#root/billingAddress/city",
              "title": "City",
              "type": "string",
              "pattern": "^.*$"
            },
            "regionCode": {
              "$id": "#root/billingAddress/regionCode",
              "title": "Regioncode",
              "type": "string",
              "pattern": "^.*$"
            },
            "postalCode": {
              "$id": "#root/billingAddress/postalCode",
              "title": "Postalcode",
              "type": "string",
              "pattern": "^.*$"
            },
            "countryCode": {
              "$id": "#root/billingAddress/countryCode",
              "title": "Countrycode",
              "type": "string",
              "pattern": "^.*$"
            }
          }
        },
        "singleUse": {
          "$id": "#root/singleUse",
          "title": "Singleuse",
          "type": "boolean",
          "default": false
        }
      }
    },
    "Unregistered_ACH": {
      "title": "Root",
      "type": "object",
      "required": [
        "owner",
        "kind",
        "brandKind",
        "accountHolderName",
        "aba",
        "dda",
        "billingAddress"
      ],
      "properties": {
        "owner": {
          "$id": "#root/owner",
          "title": "Owner",
          "type": "object",
          "required": [
            "kind",
            "billerId",
            "billerAccountId"
          ],
          "properties": {
            "kind": {
              "$id": "#root/owner/kind",
              "title": "Kind",
              "type": "string",
              "pattern": "^.*$"
            },
            "billerId": {
              "$id": "#root/billerId",
              "title": "Billerid",
              "type": "string",
              "pattern": "^.*$"
            },
            "billerAccountId": {
              "$id": "#root/billerAccountId",
              "title": "Billeraccountid",
              "type": "string",
              "pattern": "^.*$"
            }

          }
        },
        "kind": {
          "$id": "#root/kind",
          "title": "Kind",
          "type": "string",
          "pattern": "^.*$"
        },
        "name": {
          "$id": "#root/name",
          "title": "Name",
          "type": "string",
          "pattern": "^.*$"
        },
        "paymentMethodKind": {
          "$id": "#root/paymentMethodKind",
          "title": "Paymentmethodkind",
          "type": "string",
          "pattern": "^.*$"
        },
        "brandKind": {
          "$id": "#root/brandKind",
          "title": "Brandkind",
          "type": "string",
          "pattern": "^.*$"
        },
        "accountHolderName": {
          "$id": "#root/accountHolderName",
          "title": "Accountholdername",
          "type": "string",
          "pattern": "^.*$"
        },
        "aba": {
          "$id": "#root/aba",
          "title": "Aba",
          "type": "string",
          "pattern": "^.*$"
        },
        "dda": {
          "$id": "#root/dda",
          "title": "Dda",
          "type": "string",
          "pattern": "^.*$"
        },
        "securityCode": {
          "$id": "#root/securityCode",
          "title": "Securitycode",
          "type": "string",
          "pattern": "^.*$"
        },
        "billingAddress": {
          "$id": "#root/billingAddress",
          "title": "Billingaddress",
          "type": "object",
          "required": [
            //"lines",
            //"city",
            "regionCode",
            "postalCode",
            "countryCode"
          ],
          "properties": {
            "lines": {
              "$id": "#root/billingAddress/lines",
              "title": "Lines",
              "type": "array",
              "default": [],
              "items": {
                "$id": "#root/billingAddress/lines/items",
                "title": "Items",
                "type": "string",
                "pattern": "^.*$"
              }
            },
            "city": {
              "$id": "#root/billingAddress/city",
              "title": "City",
              "type": "string",
              "pattern": "^.*$"
            },
            "regionCode": {
              "$id": "#root/billingAddress/regionCode",
              "title": "Regioncode",
              "type": "string",
              "pattern": "^.*$"
            },
            "postalCode": {
              "$id": "#root/billingAddress/postalCode",
              "title": "Postalcode",
              "type": "string",
              "pattern": "^.*$"
            },
            "countryCode": {
              "$id": "#root/billingAddress/countryCode",
              "title": "Countrycode",
              "type": "string",
              "pattern": "^.*$"
            }
          }
        },
        "singleUse": {
          "$id": "#root/singleUse",
          "title": "Singleuse",
          "type": "boolean",
          "default": false
        }
      }
    },
    "Registered_Card": {
      "title": "Root",
      "type": "object",
      "required": [
        "owner",
        "kind",
        "cardHolderName",
        "cardNumber",
        "expirationDate"
        //"name",
        //"paymentMethodKind",
        //"securitycode",
        //"billingaddress",
        //"singleuse"
      ],
      "properties": {
        "owner": {
          "$id": "#root/owner",
          "title": "Owner",
          "type": "object",
          "required": [
            "kind",
            "profileId"
          ],
          "properties": {
            "kind": {
              "$id": "#root/owner/kind",
              "title": "Kind",
              "type": "string",
              "pattern": "^.*$"
            },
            "profileId": {
              "$id": "#root/owner/profileId",
              "title": "Profileid",
              "type": "string",
              "pattern": "^.*$"
            }
          }
        },

        //  "oneOf": [
        //    { "required": [ "ProfileOwner" ] },
        //    { "required": [ "BillerAccountOwner" ] }
        //  ]
        //},
        "kind": {
          "$id": "#root/kind",
          "title": "Kind",
          "type": "string",
          "pattern": "^.*$"
        },
        "name": {
          "$id": "#root/name",
          "title": "Name",
          "type": "string",
          "pattern": "^.*$"
        },
        "paymentMethodKind": {
          "$id": "#root/paymentMethodKind",
          "title": "Paymentmethodkind",
          "type": "string",
          "pattern": "^.*$"
        },
        "cardHolderName": {
          "$id": "#root/cardHolderName",
          "title": "Cardholdername",
          "type": "string",
          "pattern": "^.*$"
        },
        "cardNumber": {
          "$id": "#root/cardNumber",
          "title": "Cardnumber",
          "type": "string",
          "pattern": "^.*$"
        },
        "expirationDate": {
          "$id": "#root/expirationDate",
          "title": "Expirationdate",
          "type": "string",
          "pattern": "^.*$"
        },
        "securityCode": {
          "$id": "#root/securityCode",
          "title": "Securitycode",
          "type": "string",
          "pattern": "^.*$"
        },
        "billingAddress": {
          "$id": "#root/billingAddress",
          "title": "Billingaddress",
          "type": "object",
          "required": [
            //"lines",
            //"city",
            "regionCode",
            "postalCode",
            "countryCode"
          ],
          "properties": {
            "lines": {
              "$id": "#root/billingAddress/lines",
              "title": "Lines",
              "type": "array",
              "items": {
                "$id": "#root/billingAddress/lines/items",
                "title": "Items",
                "type": "string",
                "pattern": "^.*$"
              }
            },
            "city": {
              "$id": "#root/billingAddress/city",
              "title": "City",
              "type": "string",
              "pattern": "^.*$"
            },
            "regionCode": {
              "$id": "#root/billingAddress/regionCode",
              "title": "Regioncode",
              "type": "string",
              "pattern": "^.*$"
            },
            "postalCode": {
              "$id": "#root/billingAddress/postalCode",
              "title": "Postalcode",
              "type": "string",
              "pattern": "^.*$"
            },
            "countryCode": {
              "$id": "#root/billingAddress/countryCode",
              "title": "Countrycode",
              "type": "string",
              "pattern": "^.*$"
            }
          }
        },
        "singleUse": {
          "$id": "#root/singleUse",
          "title": "Singleuse",
          "type": "boolean",
          "default": false
        }
      }
    },
    "Registered_ACH": {
      "title": "Root",
      "type": "object",
      "required": [
        "owner",
        "kind",
        //"name",
        //"paymentMethodKind",
        "brandKind",
        "accountHolderName",
        "aba",
        "dda",
        //"securityCode",
        "billingAddress"
        //"singleUse"
      ],
      "properties": {
        "owner": {
          "$id": "#root/owner",
          "title": "Owner",
          "type": "object",
          "required": [
            "kind",
            "profileId"
          ],
          "properties": {
            "kind": {
              "$id": "#root/owner/kind",
              "title": "Kind",
              "type": "string",
              "pattern": "^.*$"
            },
            "profileId": {
              "$id": "#root/owner/profileId",
              "title": "Profileid",
              "type": "string",
              "pattern": "^.*$"
            }
          }
        },
        "kind": {
          "$id": "#root/kind",
          "title": "Kind",
          "type": "string",
          "pattern": "^.*$"
        },
        "name": {
          "$id": "#root/name",
          "title": "Name",
          "type": "string",
          "pattern": "^.*$"
        },
        "paymentMethodKind": {
          "$id": "#root/paymentMethodKind",
          "title": "Paymentmethodkind",
          "type": "string",
          "pattern": "^.*$"
        },
        "brandKind": {
          "$id": "#root/brandKind",
          "title": "Brandkind",
          "type": "string",
          "pattern": "^.*$"
        },
        "accountHolderName": {
          "$id": "#root/accountHolderName",
          "title": "Accountholdername",
          "type": "string",
          "pattern": "^.*$"
        },
        "aba": {
          "$id": "#root/aba",
          "title": "Aba",
          "type": "string",
          "pattern": "^.*$"
        },
        "dda": {
          "$id": "#root/dda",
          "title": "Dda",
          "type": "string",
          "pattern": "^.*$"
        },
        "securityCode": {
          "$id": "#root/securityCode",
          "title": "Securitycode",
          "type": "string",
          "pattern": "^.*$"
        },
        "billingAddress": {
          "$id": "#root/billingAddress",
          "title": "Billingaddress",
          "type": "object",
          "required": [
            //"lines",
            //"city",
            "regionCode",
            "postalCode",
            "countryCode"
          ],
          "properties": {
            "lines": {
              "$id": "#root/billingAddress/lines",
              "title": "Lines",
              "type": "array",
              "default": [],
              "items": {
                "$id": "#root/billingAddress/lines/items",
                "title": "Items",
                "type": "string",
                "pattern": "^.*$"
              }
            },
            "city": {
              "$id": "#root/billingAddress/city",
              "title": "City",
              "type": "string",
              "pattern": "^.*$"
            },
            "regionCode": {
              "$id": "#root/billingAddress/regionCode",
              "title": "Regioncode",
              "type": "string",
              "pattern": "^.*$"
            },
            "postalCode": {
              "$id": "#root/billingAddress/postalCode",
              "title": "Postalcode",
              "type": "string",
              "pattern": "^.*$"
            },
            "countryCode": {
              "$id": "#root/billingAddress/countryCode",
              "title": "Countrycode",
              "type": "string",
              "pattern": "^.*$"
            }
          }
        },
        "singleUse": {
          "$id": "#root/singleUse",
          "title": "Singleuse",
          "type": "boolean",
          "default": false
        }
      }
    },
    "Registered_ApplePay": {
      "title": "Root",
      "type": "object",
      "required": [
        "owner",
        "kind",
        "paymentToken",
        //"name",
        "cardHolderName",
        "billingAddress"
      ],
      "properties": {
        "owner": {
          "$id": "#root/owner",
          "title": "Owner",
          "type": "object",
          "required": [
            "kind",
            "profileId"
          ],
          "properties": {
            "kind": {
              "$id": "#root/owner/kind",
              "title": "Kind",
              "type": "string",
              "pattern": "^.*$"
            },
            "profileId": {
              "$id": "#root/owner/profileId",
              "title": "Profileid",
              "type": "string",
              "pattern": "^.*$"
            }
          }
        },
        "kind": {
          "$id": "#root/kind",
          "title": "Kind",
          "type": "string",
          "pattern": "^.*$"
        },
        "paymentToken": {
          "$id": "#root/paymentToken",
          "title": "Paymenttoken",
          "type": "string",
          "pattern": "^.*$"
        },
        "name": {
          "$id": "#root/name",
          "title": "Name",
          "type": "string",
          "pattern": "^.*$"
        },
        "cardHolderName": {
          "$id": "#root/cardHolderName",
          "title": "Cardholdername",
          "type": "string",
          "pattern": "^.*$"
        },
        "billingAddress": {
          "$id": "#root/billingAddress",
          "title": "Billingaddress",
          "type": "object",
          "required": [
            //"lines",
            //"city",
            "regionCode",
            "postalCode",
            "countryCode"
          ],
          "properties": {
            "lines": {
              "$id": "#root/billingAddress/lines",
              "title": "Lines",
              "type": "array",
              "default": [],
              "items": {
                "$id": "#root/billingAddress/lines/items",
                "title": "Items",
                "type": "string",
                "pattern": "^.*$"
              }
            },
            "city": {
              "$id": "#root/billingAddress/city",
              "title": "City",
              "type": "string",
              "pattern": "^.*$"
            },
            "regionCode": {
              "$id": "#root/billingAddress/regionCode",
              "title": "Regioncode",
              "type": "string",
              "pattern": "^.*$"
            },
            "postalCode": {
              "$id": "#root/billingAddress/postalCode",
              "title": "Postalcode",
              "type": "string",
              "pattern": "^.*$"
            },
            "countryCode": {
              "$id": "#root/billingAddress/countryCode",
              "title": "Countrycode",
              "type": "string",
              "pattern": "^.*$"
            }
          }
        }

      }
    },
    "Registered_GooglePay": {
      "title": "Root",
      "type": "object",
      "required": [
        "owner",
        "kind",
        "paymentToken",
        //"name",
        "cardHolderName",
        "billingAddress"
      ],
      "properties": {
        "owner": {
          "$id": "#root/owner",
          "title": "Owner",
          "type": "object",
          "required": [
            "kind",
            "profileId"
          ],
          "properties": {
            "kind": {
              "$id": "#root/owner/kind",
              "title": "Kind",
              "type": "string",
              "pattern": "^.*$"
            },
            "profileId": {
              "$id": "#root/owner/profileId",
              "title": "Profileid",
              "type": "string",
              "pattern": "^.*$"
            }
          }
        },
        "kind": {
          "$id": "#root/kind",
          "title": "Kind",
          "type": "string",
          "pattern": "^.*$"
        },
        "paymentToken": {
          "$id": "#root/paymentToken",
          "title": "Paymenttoken",
          "type": "string",
          "pattern": "^.*$"
        },
        "name": {
          "$id": "#root/name",
          "title": "Name",
          "type": "string",
          "pattern": "^.*$"
        },
        "cardHolderName": {
          "$id": "#root/cardHolderName",
          "title": "Cardholdername",
          "type": "string",
          "pattern": "^.*$"
        },
        "billingAddress": {
          "$id": "#root/billingAddress",
          "title": "Billingaddress",
          "type": "object",
          "required": [
            //"lines",
            //"city",
            "regionCode",
            "postalCode",
            "countryCode"
          ],
          "properties": {
            "lines": {
              "$id": "#root/billingAddress/lines",
              "title": "Lines",
              "type": "array",
              "items": {
                "$id": "#root/billingAddress/lines/items",
                "title": "Items",
                "type": "string",
                "pattern": "^.*$"
              }
            },
            "city": {
              "$id": "#root/billingAddress/city",
              "title": "City",
              "type": "string",
              "pattern": "^.*$"
            },
            "regionCode": {
              "$id": "#root/billingAddress/regionCode",
              "title": "Regioncode",
              "type": "string",
              "pattern": "^.*$"
            },
            "postalCode": {
              "$id": "#root/billingAddress/postalCode",
              "title": "Postalcode",
              "type": "string",
              "pattern": "^.*$"
            },
            "countryCode": {
              "$id": "#root/billingAddress/countryCode",
              "title": "Countrycode",
              "type": "string",
              "pattern": "^.*$"
            }
          }
        }

      }
    },
    "Registered_PayPal": {
      "title": "Root",
      "type": "object",
      "required": [
        "owner",
        "kind",
        "paymentToken",
        //"name",
        "deviceData"
        //"payerId",
        //"singleUse"
      ],
      "properties": {
        "owner": {
          "$id": "#root/owner",
          "title": "Owner",
          "type": "object",
          "required": [
            "kind",
            "profileId"
          ],
          "properties": {
            "kind": {
              "$id": "#root/owner/kind",
              "title": "Kind",
              "type": "string",
              "pattern": "^.*$"
            },
            "profileId": {
              "$id": "#root/owner/profileId",
              "title": "Profileid",
              "type": "string",
              "pattern": "^.*$"
            }
          }
        },
        "kind": {
          "$id": "#root/kind",
          "title": "Kind",
          "type": "string",
          "pattern": "^.*$"
        },
        "paymentToken": {
          "$id": "#root/paymentToken",
          "title": "Paymenttoken",
          "pattern": "^.*$"
        },
        "name": {
          "$id": "#root/name",
          "title": "Name",
          "type": "string",
          "pattern": "^.*$"
        },
        "deviceData": {
          "$id": "#root/deviceData",
          "title": "Devicedata",
          "type": "string",
          "pattern": "^.*$"
        },
        "payerId": {
          "$id": "#root/payerId",
          "title": "Payerid",
          "type": "string",
          "pattern": "^.*$"
        },
        "singleUse": {
          "$id": "#root/singleUse",
          "title": "Singleuse",
          "type": "boolean",
          "default": false
        }
      }
    },
    "Registered_Venmo": {
      "title": "Root",
      "type": "object",
      "required": [
        "owner",
        "kind",
        "paymentToken",
        //"name",
        "deviceData"
        //"username",
        //"singleUse"
      ],
      "properties": {
        "owner": {
          "$id": "#root/owner",
          "title": "Owner",
          "type": "object",
          "required": [
            "kind",
            "profileId"
          ],
          "properties": {
            "kind": {
              "$id": "#root/owner/kind",
              "title": "Kind",
              "type": "string",
              "pattern": "^.*$"
            },
            "profileId": {
              "$id": "#root/owner/profileId",
              "title": "Profileid",
              "type": "string",
              "pattern": "^.*$"
            }
          }
        },
        "kind": {
          "$id": "#root/kind",
          "title": "Kind",
          "type": "string",
          "pattern": "^.*$"
        },
        "paymentToken": {
          "$id": "#root/paymentToken",
          "title": "Paymenttoken",
          "type": "string",
          "pattern": "^.*$"
        },
        "name": {
          "$id": "#root/name",
          "title": "Name",
          "type": "string",
          "pattern": "^.*$"
        },
        "deviceData": {
          "$id": "#root/deviceData",
          "title": "Devicedata",
          "type": "string",
          "pattern": "^.*$"
        },
        "username": {
          "$id": "#root/username",
          "title": "Username",
          "type": "string",
          "pattern": "^.*$"
        },
        "singleUse": {
          "$id": "#root/singleUse",
          "title": "Singleuse",
          "type": "boolean",
          "default": false
        }
      }
    }
  },



  "oneOf": [
    { "required": [ "Unregistered_Card" ] },
    { "required": [ "Unregistered_ACH" ] },
    { "required": [ "Registered_Card" ] },
    { "required": [ "Registered_ACH" ] },
    { "required": [ "Registered_ApplePay" ] },
    { "required": [ "Registered_GooglePay" ] },
    { "required": [ "Registered_PayPal" ] },
    { "required": [ "Registered_Venmo" ] }
  ]
  }









