{
  "description": "Validating funding account schema",
  "type": "object",
  "required": [
    "owner",
    "kind",
    "cardHolderName",
    "cardNumber",
    "expirationDate"
  ],
  "properties": {
    "owner": {
      "$ref": "#/definitions/ownerDet"
    },
    "kind": {
      "title": "Kind",
      "type": "string",
      "pattern": "^.*$"
    },
    "name": {
      "title": "Name",
      "type": "string",
      "pattern": "^.*$"
    },
    "paymentMethodKind": {
      "title": "Paymentmethodkind",
      "type": "string",
      "pattern": "^.*$"
    },
    "cardHolderName": {
      "title": "Cardholdername",
      "type": "string",
      "pattern": "^.*$"
    },
    "cardNumber": {
      "$id": "#root/cardNumber",
      "title": "Cardnumber",
      "type": "string",
      "pattern": "^.*$"
    },
    "expirationDate": {
      "$id": "#root/expirationDate",
      "title": "Expirationdate",
      "type": "string",
      "pattern": "^.*$"
    },
    "securityCode": {
      "$id": "#root/securityCode",
      "title": "Securitycode",
      "type": "string",
      "pattern": "^.*$"
    },
    "billingAddress": {
      "$id": "#root/billingAddress",
      "title": "Billingaddress",
      "type": "object",
      "required": [
        "regionCode",
        "postalCode",
        "countryCode"
      ],
      "properties": {
        "lines": {
          "title": "Lines",
          "type": "array",
          "items": {
            "$id": "#root/billingAddress/lines/items",
            "title": "Items",
            "type": "string",
            "pattern": "^.*$"
          }
        },
        "city": {
          "$id": "#root/billingAddress/city",
          "title": "City",
          "type": "string",
          "pattern": "^.*$"
        },
        "regionCode": {
          "$id": "#root/billingAddress/regionCode",
          "title": "Regioncode",
          "type": "string",
          "pattern": "^.*$"
        },
        "postalCode": {
          "$id": "#root/billingAddress/postalCode",
          "title": "Postalcode",
          "type": "string",
          "pattern": "^.*$"
        },
        "countryCode": {
          "$id": "#root/billingAddress/countryCode",
          "title": "Countrycode",
          "type": "string",
          "pattern": "^.*$"
        }
      }
    },
    "singleUse": {
      "$id": "#root/singleUse",
      "title": "Singleuse",
      "type": "boolean",
      "default": false
    }
  },
  "definitions": {   
    "ownerDet": {
      "oneOf": [
        {
          "oo": {
            "required": [ "profileId" ],
            "properties": {
              "profileId": {
                "title": "profileId",
                "type": "string",
                "pattern": "^.*$",
                "minLength": 1
              }
            }
          }
        },
        {
          "oo": {
            "required": [ "billerId" ],
            "properties": {
              "kind": {
                "title": "Kind",
                "type": "string",
                "pattern": "^.*$",
                "minLength": 1
              },
              "billerId": {
                "title": "Billerid",
                "type": "string",
                "pattern": "^.*$",
                "minLength": 1
              },
              "billerAccountId": {
                "title": "Billeraccountid",
                "type": "string",
                "pattern": "^.*$"
              }
            }
          }
        }
      ]
    }
  }
}
